employee_id,name,department,salary_level,actual_salary,turnover,satisfaction,evaluation,project_count,average_monthly_hours,years_at_company,hire_date,termination_date,work_accident,promotion,last_updated
1053,Elizabeth Dickerson,Sales,low,214000,0,0.83,0.6,3,142,1,2024-09-10,,1,0,2025-05-10 18:54:24
1074,David Delacruz,Marketing,low,159000,0,0.43,0.54,2,143,2,2023-02-27,,0,0,2025-05-10 18:54:24
1221,Jeremy Dickson,Sales,medium,316000,0,0.69,0.42,2,123,1,2024-07-08,,0,0,2025-05-10 18:54:24
1282,Daniel Webb,Sales,low,443000,0,0.5,0.57,3,130,10,2015-09-10,,0,0,2025-05-10 18:54:24
1425,Thomas Travis,Marketing,low,253000,1,0.56,0.92,3,281,6,2013-02-20,2018-12-18,0,0,2025-05-10 18:54:24
1464,Andrew Keith,Sales,medium,226000,0,0.97,0.54,2,121,0,2024-11-27,,0,0,2025-05-10 18:54:24
1851,Robin Melton,Marketing,low,216000,0,0.88,0.85,3,127,9,2016-04-12,,1,0,2025-05-10 18:54:24
1942,Mr. Daniel Dominguez DDS,Operations,medium,127000,0,0.62,0.85,5,247,1,2023-11-14,,0,0,2025-05-10 18:54:24
2025,Rachel Melendez,Sales,high,394000,0,0.28,0.9,6,197,3,2022-07-12,,0,0,2025-05-10 18:54:24
2220,Clarence Robinson,Marketing,medium,134000,0,0.67,0.45,3,140,6,2019-07-19,,0,0,2025-05-10 18:54:24
2267,William King,Engineering,medium,597000,1,0.2,0.99,2,285,5,2009-12-19,2015-05-23,0,0,2025-05-10 18:54:24
2504,Dave Schmidt,Operations,low,289000,0,0.72,0.43,4,143,2,2022-12-12,,0,0,2025-05-10 18:54:24
2934,Allen Carroll,Sales,low,201000,1,0.46,0.85,5,266,5,2008-12-28,2014-03-18,0,0,2025-05-10 18:54:24
3552,Gary Rocha,Marketing,high,222000,0,0.72,0.91,4,144,3,2022-01-30,,1,0,2025-05-10 18:54:24
3757,Colleen Perez,Engineering,medium,186000,1,0.18,0.49,5,262,1,2012-10-11,2014-01-22,0,0,2025-05-10 18:54:24
4101,Karen Simon,Marketing,low,429000,0,0.68,0.92,3,136,3,2022-04-04,,0,0,2025-05-10 18:54:24
4248,Chelsea Lopez,Marketing,medium,278000,0,0.72,0.64,4,155,3,2022-02-16,,0,0,2025-05-10 18:54:24
4278,Maria Sanders,Marketing,low,314000,0,0.75,0.59,3,128,2,2023-09-27,,0,0,2025-05-10 18:54:24
4478,Lauren Jordan PhD,Sales,low,441000,0,0.64,0.89,3,142,2,2023-06-05,,0,0,2025-05-10 18:54:24
4617,Valerie Flores,Engineering,medium,291000,1,0.41,0.93,2,298,10,2005-08-05,2015-04-11,0,0,2025-05-10 18:54:24
4905,Charles Perez,Sales,medium,208000,0,0.83,0.88,2,138,2,2022-12-20,,0,0,2025-05-10 18:54:24
5117,Stephen Morrison,Sales,high,251000,0,0.19,0.34,4,279,0,2025-05-21,,1,0,2025-05-10 18:54:24
5165,Sandra White,Engineering,medium,232000,0,0.84,0.91,3,135,7,2018-03-28,,0,0,2025-05-10 18:54:24
5207,Paul Zuniga,Engineering,medium,459000,0,0.94,0.42,3,141,1,2024-06-08,,0,0,2025-05-10 18:54:24
5722,Michael Patrick,Marketing,medium,364000,0,0.53,0.82,5,165,9,2015-12-12,,0,0,2025-05-10 18:54:24
6014,Megan Wilkerson,Marketing,low,155000,0,0.92,0.8,4,146,1,2024-03-05,,1,0,2025-05-10 18:54:24
6075,Victor Harris,Engineering,medium,402000,0,0.85,0.45,2,229,3,2022-08-11,,0,0,2025-05-10 18:54:24
6209,Debra Friedman,Marketing,medium,159000,0,0.33,0.58,3,154,3,2022-04-14,,0,0,2025-05-10 18:54:24
6229,Alexander Riley,Marketing,low,348000,0,0.23,0.69,6,298,1,2024-07-26,,1,0,2025-05-10 18:54:24
6482,Jessica Galvan,Marketing,low,352000,0,0.0,0.84,2,245,2,2023-03-20,,1,0,2025-05-10 18:54:24
6695,Randy Murphy,Marketing,medium,361000,1,0.49,0.58,7,264,1,2020-12-08,2022-05-02,0,0,2025-05-10 18:54:24
6778,Kevin Moody,Marketing,medium,236000,0,0.45,0.97,2,140,2,2022-12-19,,0,0,2025-05-10 18:54:24
6817,Shawn Rodriguez,Sales,low,226000,0,0.35,0.5,6,222,5,2020-08-09,,1,0,2025-05-10 18:54:24
7006,Carol Jones,Marketing,medium,299000,0,0.85,0.87,3,138,5,2020-07-15,,0,0,2025-05-10 18:54:24
7175,Steven Chung,HR,low,140000,1,0.22,0.05,3,289,1,2019-08-19,2020-07-07,0,0,2025-05-10 18:54:24
7572,Angela Jones,Sales,high,425000,0,0.44,0.93,2,141,4,2020-12-20,,0,0,2025-05-10 18:54:24
7630,Timothy Park,Legal,high,400000,1,0.46,0.27,7,306,6,2011-04-26,2017-01-01,0,0,2025-05-10 18:54:24
7658,Jessica Parker,Engineering,high,334000,0,0.77,0.8,5,278,4,2021-05-30,,1,0,2025-05-10 18:54:24
8100,Fred Dougherty,Marketing,low,195000,0,0.65,0.92,2,149,1,2024-09-13,,0,0,2025-05-10 18:54:24
8331,Melissa Hughes,Marketing,medium,289000,0,0.71,0.56,3,148,2,2023-04-17,,0,0,2025-05-10 18:54:24
8455,Andre Harris,HR,medium,173000,0,0.99,0.58,4,140,5,2020-04-30,,0,1,2025-05-10 18:54:24
8492,Roger Benson,Marketing,medium,348000,0,0.67,0.38,6,167,4,2021-05-27,,0,0,2025-05-10 18:54:24
8592,Andrew Rivas,Engineering,medium,477000,0,0.81,0.84,3,132,2,2023-03-15,,0,0,2025-05-10 18:54:24
8665,David Bolton,Marketing,medium,126000,0,0.78,0.84,3,146,1,2024-07-14,,0,0,2025-05-10 18:54:24
8685,Maria Welch,Engineering,medium,445000,1,0.38,0.13,5,290,6,2013-01-13,2019-01-09,0,0,2025-05-10 18:54:24
8716,Bryan Shepard,Sales,medium,458000,1,0.58,0.57,5,150,5,2012-07-14,2017-07-15,0,0,2025-05-10 18:54:24
8944,John Allen,Marketing,medium,189000,0,0.5,0.9,4,120,4,2021-08-11,,0,0,2025-05-10 18:54:24
8989,Matthew Huang,Engineering,medium,274000,0,0.53,0.96,2,133,6,2019-02-03,,0,0,2025-05-10 18:54:24
9326,Pamela Riley,Sales,medium,357000,0,0.47,0.9,2,132,0,2024-11-29,,1,0,2025-05-10 18:54:24
9392,Melissa Graham,Legal,low,369000,0,0.84,0.41,4,138,1,2023-12-21,,1,0,2025-05-10 18:54:24
9675,Mike Poole,Engineering,low,512000,0,0.8,0.59,2,143,7,2018-08-05,,0,0,2025-05-10 18:54:24
9834,Martin Alexander,Operations,low,285000,0,0.02,0.5,7,173,1,2024-01-13,,0,0,2025-05-10 18:54:24
9907,Michael Hebert,HR,high,186000,0,0.7,0.45,2,142,0,2024-12-13,,0,0,2025-05-10 18:54:24
9981,Cheryl James,Sales,low,447000,0,0.91,0.47,2,141,3,2021-12-07,,0,0,2025-05-10 18:54:24
10016,Erik Thompson,Marketing,medium,410000,0,0.81,0.42,2,121,1,2024-07-19,,0,0,2025-05-10 18:54:24
10071,Tara Brown,Marketing,low,354000,1,0.48,0.96,3,138,6,2010-12-10,2016-07-24,0,0,2025-05-10 18:54:24
10099,John Ball,Sales,medium,163000,0,0.27,0.37,2,301,2,2023-06-18,,0,0,2025-05-10 18:54:24
10116,Carrie Washington,Operations,low,106000,0,0.75,0.92,3,123,1,2024-01-16,,0,0,2025-05-10 18:54:24
10171,Betty Coleman,Operations,medium,106000,0,0.7,0.64,3,171,2,2023-05-04,,0,0,2025-05-10 18:54:24
10287,Zachary Hodges,Sales,low,360000,0,0.91,0.9,2,128,3,2022-04-25,,1,0,2025-05-10 18:54:24
10305,Richard Phillips,Engineering,medium,438000,0,0.94,0.1,3,222,4,2021-01-21,,1,0,2025-05-10 18:54:24
10358,Kevin Thomas,Sales,high,398000,0,0.67,0.04,7,249,7,2018-06-10,,0,0,2025-05-10 18:54:24
10508,Robert Santos,Engineering,medium,474000,1,0.12,0.49,6,144,5,2014-10-21,2019-10-13,0,0,2025-05-10 18:54:24
10602,Randy Benson,Operations,low,193000,0,0.67,0.83,4,145,5,2020-04-05,,0,0,2025-05-10 18:54:24
10862,Dr. Lisa Henson DVM,Marketing,medium,225000,0,0.57,0.92,4,145,1,2024-07-26,,0,0,2025-05-10 18:54:24
10880,Jason Bryan,Sales,medium,236000,0,0.66,0.66,6,179,10,2014-12-30,,0,0,2025-05-10 18:54:24
11322,Janice Wilson,Engineering,medium,526000,1,0.14,0.99,4,270,6,2008-07-17,2014-07-05,0,0,2025-05-10 18:54:24
11328,Steven Richardson,HR,medium,400000,0,0.78,0.57,3,144,4,2021-08-24,,0,0,2025-05-10 18:54:24
11458,Thomas Morgan,Engineering,low,206000,0,0.67,0.55,2,141,0,2025-09-26,,0,0,2025-05-10 18:54:24
11500,Angela Wiggins,Operations,low,291000,0,0.81,0.97,2,125,8,2017-08-06,,0,0,2025-05-10 18:54:24
11745,Tamara Graham,Sales,low,335000,0,0.31,0.35,6,249,0,2025-04-08,,0,0,2025-05-10 18:54:24
12226,Beverly Washington,Sales,low,244000,0,0.23,0.8,5,189,4,2020-12-28,,0,0,2025-05-10 18:54:24
12395,Melanie Butler,Engineering,low,451000,0,0.14,0.2,7,207,6,2019-05-12,,0,0,2025-05-10 18:54:24
12915,Erica Clark,Marketing,medium,260000,0,0.63,0.51,4,132,4,2021-04-19,,0,0,2025-05-10 18:54:24
13097,Stephanie Lopez,Engineering,low,463000,0,0.08,0.53,5,284,2,2023-09-20,,1,0,2025-05-10 18:54:24
13156,William Martinez,Marketing,low,241000,0,0.27,0.29,4,275,4,2021-06-09,,1,0,2025-05-10 18:54:24
13224,Marissa Gross,Sales,low,251000,0,0.01,0.18,4,306,4,2021-05-08,,0,0,2025-05-10 18:54:24
13280,Dan Walker,HR,high,143000,0,0.64,0.82,3,139,2,2023-01-06,,0,0,2025-05-10 18:54:24
13363,Jonathan Crosby,Sales,medium,464000,0,0.28,0.17,2,210,4,2020-12-08,,1,0,2025-05-10 18:54:24
13676,Richard Huang,Engineering,medium,527000,0,0.98,0.95,4,146,2,2023-08-29,,0,0,2025-05-10 18:54:24
13704,Devin Carrillo,Sales,low,255000,0,0.59,0.88,4,143,0,2025-02-03,,0,0,2025-05-10 18:54:24
13833,Linda Ward,Engineering,low,213000,0,0.71,0.86,3,134,1,2024-02-14,,0,0,2025-05-10 18:54:24
13899,Tamara Buckley,Sales,low,358000,0,0.72,0.95,3,146,1,2024-10-09,,0,0,2025-05-10 18:54:24
14104,Robert Johnson,Legal,high,396000,0,0.29,0.34,2,173,4,2021-06-20,,0,0,2025-05-10 18:54:24
14238,Alexandra Ryan,Marketing,medium,143000,0,0.86,0.6,2,120,2,2023-07-26,,0,0,2025-05-10 18:54:24
14396,Anthony Guerra,Marketing,low,420000,0,0.68,0.59,4,128,1,2024-03-18,,0,0,2025-05-10 18:54:24
14434,Derrick Burns,Marketing,low,423000,0,0.63,0.57,2,128,0,2025-03-21,,0,0,2025-05-10 18:54:24
14473,George Smith,Sales,medium,472000,0,0.09,0.97,5,159,1,2024-01-02,,0,0,2025-05-10 18:54:24
14577,Edward Eaton,Marketing,low,279000,0,0.35,0.9,3,134,1,2023-11-16,,0,0,2025-05-10 18:54:24
14947,Brandi Nunez,Engineering,low,221000,0,0.62,0.97,2,122,9,2016-04-15,,0,0,2025-05-10 18:54:24
15029,John Kennedy,Sales,medium,431000,0,0.83,0.1,4,183,4,2021-07-29,,0,0,2025-05-10 18:54:24
15168,Mark Perry,Engineering,medium,387000,0,0.81,0.28,7,167,1,2023-12-10,,1,0,2025-05-10 18:54:24
15208,Jenna Davis,Operations,low,126000,1,0.16,0.57,6,129,3,2018-01-25,2021-06-24,0,0,2025-05-10 18:54:24
15322,Tracy Cox,Sales,low,255000,0,0.66,0.48,2,147,1,2023-11-23,,1,0,2025-05-10 18:54:24
15371,Arthur Ray,Sales,medium,450000,0,0.42,0.41,4,127,6,2018-12-17,,0,0,2025-05-10 18:54:24
15592,Brian Keller,Operations,medium,93000,0,0.74,0.49,3,125,4,2021-10-13,,0,0,2025-05-10 18:54:24
15621,Trevor Boyle,Sales,low,481000,0,0.74,0.49,3,122,2,2023-02-06,,0,0,2025-05-10 18:54:24
15662,Jerry Castillo,Operations,low,229000,0,0.97,0.81,3,141,0,2025-02-24,,1,0,2025-05-10 18:54:24
15663,Rebecca Garcia,Engineering,medium,500000,0,0.22,0.72,5,169,1,2024-04-02,,0,0,2025-05-10 18:54:24
16014,Leslie Orr,Marketing,medium,337000,0,0.61,0.96,2,134,6,2019-05-15,,1,0,2025-05-10 18:54:24
16118,Sara Perez PhD,Engineering,medium,309000,1,0.13,0.53,6,128,2,2016-01-16,2018-02-22,0,0,2025-05-10 18:54:24
16129,Maria Hernandez,Sales,medium,198000,0,0.78,1.0,3,132,10,2014-11-26,,0,0,2025-05-10 18:54:24
16157,Elizabeth Johnson,Sales,low,339000,0,0.66,0.89,4,121,3,2022-08-31,,1,0,2025-05-10 18:54:24
16713,Nancy Edwards,HR,medium,248000,0,0.48,0.5,2,132,1,2024-05-04,,0,0,2025-05-10 18:54:24
16860,Ebony Austin,Marketing,medium,449000,0,0.89,0.54,4,150,5,2020-07-08,,1,0,2025-05-10 18:54:24
17334,Jaime Wilson,Operations,low,221000,0,0.93,0.43,2,147,8,2017-07-27,,0,0,2025-05-10 18:54:24
17361,Stuart Horton,Engineering,medium,510000,0,0.95,0.48,2,150,1,2024-09-05,,0,0,2025-05-10 18:54:24
17483,Jenna Richardson,Marketing,medium,450000,0,0.44,0.83,2,135,0,2025-06-12,,1,0,2025-05-10 18:54:24
17683,Veronica Rodriguez,Marketing,low,337000,0,0.76,0.88,4,139,2,2023-09-24,,1,0,2025-05-10 18:54:24
17704,Amanda Medina,Marketing,medium,166000,0,0.83,0.05,7,170,4,2020-11-16,,0,0,2025-05-10 18:54:24
17828,John Walker DDS,Marketing,low,303000,0,0.67,0.9,2,146,3,2022-04-25,,0,0,2025-05-10 18:54:24
18146,Ryan Davis,Engineering,medium,314000,0,0.3,0.43,3,172,2,2023-08-30,,0,0,2025-05-10 18:54:24
18154,Nancy Sosa,Sales,low,339000,0,0.93,0.41,3,149,5,2020-04-16,,0,0,2025-05-10 18:54:24
18342,Alyssa Arnold,Engineering,low,236000,0,0.72,0.97,2,131,1,2023-11-12,,0,0,2025-05-10 18:54:24
18361,Ryan Clark,Sales,low,288000,0,0.42,0.91,3,126,2,2023-08-25,,0,0,2025-05-10 18:54:24
18601,Joe Burke,HR,high,128000,0,0.77,0.48,4,135,2,2023-08-07,,0,0,2025-05-10 18:54:24
19131,Kelly Powers,Engineering,medium,421000,0,0.73,0.19,2,203,5,2020-08-29,,0,0,2025-05-10 18:54:24
19289,Gloria Coffey,Operations,medium,269000,1,0.27,0.53,6,123,6,2008-10-24,2014-12-03,0,0,2025-05-10 18:54:24
19301,Joseph Jarvis,Marketing,medium,283000,1,0.74,0.96,5,309,6,2010-12-07,2017-03-22,0,0,2025-05-10 18:54:24
19373,Tony Strong,Engineering,medium,423000,0,0.82,0.93,4,129,0,2025-08-11,,0,0,2025-05-10 18:54:24
19726,Richard Robinson,Sales,medium,466000,0,0.87,0.18,3,267,1,2024-06-11,,0,0,2025-05-10 18:54:24
20410,Anna Luna,Engineering,low,413000,1,0.18,0.53,2,242,9,2006-04-23,2014-11-12,0,0,2025-05-10 18:54:24
20536,Jared Brock,Sales,medium,361000,1,0.23,0.86,4,128,6,2008-12-12,2014-08-30,0,0,2025-05-10 18:54:24
21032,Rebecca Adkins,Marketing,medium,314000,0,0.83,0.52,2,142,3,2022-10-01,,1,0,2025-05-10 18:54:24
21033,Reginald Lewis,Marketing,low,190000,0,0.89,0.51,2,133,0,2024-12-07,,0,0,2025-05-10 18:54:24
21257,Michael White,Marketing,medium,450000,1,0.64,0.34,6,200,1,2023-07-24,2024-08-23,0,0,2025-05-10 18:54:24
21289,Derek Jones,Engineering,medium,396000,0,0.13,0.56,4,149,7,2018-08-26,,1,0,2025-05-10 18:54:24
21374,Edward Hill,Sales,medium,393000,1,0.49,0.83,2,265,10,2004-06-25,2014-12-11,0,0,2025-05-10 18:54:24
21379,Patrick Velazquez,Sales,low,164000,0,0.33,0.0,7,288,4,2021-04-30,,0,0,2025-05-10 18:54:24
21635,Ms. Julia Smith DDS,HR,low,302000,0,0.57,0.81,2,137,6,2019-07-19,,1,0,2025-05-10 18:54:24
21676,Andrew Black,Engineering,high,395000,0,0.82,0.91,2,122,4,2021-08-17,,0,0,2025-05-10 18:54:24
21730,Deborah Wood,Engineering,low,302000,0,0.85,0.96,3,134,3,2022-02-07,,0,0,2025-05-10 18:54:24
21866,Margaret Stevenson,Sales,medium,282000,0,0.73,0.88,4,149,7,2017-12-03,,0,0,2025-05-10 18:54:24
21926,Catherine Peterson,Engineering,medium,377000,0,0.75,0.96,4,124,5,2020-02-28,,0,0,2025-05-10 18:54:24
21969,Michael Jackson,Legal,low,239000,0,0.81,0.03,6,270,3,2022-04-18,,0,0,2025-05-10 18:54:24
22174,Samantha Lin,Sales,low,370000,0,0.73,0.51,3,123,2,2023-10-25,,1,0,2025-05-10 18:54:24
22178,Nicholas Fuentes,HR,low,279000,0,0.84,1.0,3,139,2,2023-08-25,,0,0,2025-05-10 18:54:24
22299,Valerie Roberts,HR,low,115000,1,0.2,0.61,5,235,3,2012-09-20,2015-06-27,0,0,2025-05-10 18:54:24
22319,Roberta Kim,Engineering,low,311000,1,0.44,0.34,4,162,4,2012-12-05,2017-04-24,0,0,2025-05-10 18:54:24
22417,Matthew Spencer,Marketing,low,317000,1,0.19,0.87,5,140,3,2019-12-02,2022-11-22,0,0,2025-05-10 18:54:24
22579,Erica Buchanan,Sales,medium,463000,0,0.84,0.53,2,136,3,2022-03-12,,0,0,2025-05-10 18:54:24
22643,Elizabeth Soto,Operations,low,124000,1,0.88,0.43,2,208,2,2021-10-04,2024-02-02,0,0,2025-05-10 18:54:24
22798,Gary Lee,Marketing,high,255000,0,0.83,0.5,5,286,2,2023-10-18,,0,0,2025-05-10 18:54:24
23431,Amy Davis,HR,medium,219000,0,0.65,0.86,3,148,0,2025-07-30,,0,0,2025-05-10 18:54:24
23810,Tammy Owen,Marketing,low,304000,0,0.89,0.58,3,121,5,2020-06-12,,0,0,2025-05-10 18:54:24
24206,Christina Jennings,HR,medium,261000,0,0.57,0.85,2,135,2,2023-07-09,,0,0,2025-05-10 18:54:24
24405,Gregory Howell,Sales,low,252000,0,0.39,0.84,3,123,0,2025-08-25,,0,0,2025-05-10 18:54:24
24416,Kathryn Chavez,Operations,low,300000,0,0.63,0.98,2,149,9,2016-09-20,,0,0,2025-05-10 18:54:24
24509,Diane Warren,Engineering,low,545000,0,0.74,0.82,3,149,2,2023-10-16,,0,0,2025-05-10 18:54:24
25050,Kayla Gaines,Engineering,low,294000,0,0.0,0.72,7,148,1,2024-06-26,,0,0,2025-05-10 18:54:24
25356,Louis Decker Jr.,Sales,low,440000,0,0.88,0.97,4,134,0,2024-12-11,,0,0,2025-05-10 18:54:24
25890,Richard Morales,Sales,medium,296000,0,0.72,0.83,2,142,2,2023-06-09,,0,0,2025-05-10 18:54:24
25914,Mrs. Kathleen Soto,Sales,low,195000,0,0.88,0.96,3,133,2,2023-11-05,,0,0,2025-05-10 18:54:24
25931,Don Stevens,Sales,low,291000,1,0.73,0.69,6,191,8,2008-07-04,2016-06-04,0,0,2025-05-10 18:54:24
25957,Daniel Miller,Sales,low,203000,0,0.58,0.43,3,125,0,2025-09-29,,0,0,2025-05-10 18:54:24
26112,Gwendolyn Alvarez,Marketing,medium,439000,0,0.49,0.42,4,141,3,2022-04-30,,0,0,2025-05-10 18:54:24
26144,Lucas Byrd,Operations,high,272000,1,0.32,0.98,6,144,1,2020-03-22,2021-07-10,0,0,2025-05-10 18:54:24
26203,John Smith,HR,low,148000,0,0.82,0.46,3,131,5,2020-08-21,,0,0,2025-05-10 18:54:24
26313,Ryan Rowland,Engineering,low,199000,0,0.1,0.07,6,307,2,2023-03-06,,0,0,2025-05-10 18:54:24
26825,Christopher Cruz,Engineering,medium,412000,0,0.84,0.43,4,132,1,2024-08-04,,0,0,2025-05-10 18:54:24
27062,Lauren Roberts,Operations,medium,90000,0,0.41,0.93,3,138,2,2023-10-18,,0,0,2025-05-10 18:54:24
27071,Ricky Pugh,Marketing,medium,135000,0,0.8,0.96,3,135,4,2021-07-14,,0,0,2025-05-10 18:54:24
27158,Joel Fry,Sales,low,447000,0,0.54,0.93,2,144,2,2023-08-24,,0,0,2025-05-10 18:54:24
27365,Christopher Whitehead,Sales,low,453000,1,0.58,0.54,7,267,4,2014-09-10,2018-10-15,0,0,2025-05-10 18:54:24
27685,Lisa Bell,Sales,medium,348000,0,0.41,0.91,4,138,1,2024-06-28,,1,0,2025-05-10 18:54:24
27772,Angela Anthony,Engineering,high,426000,1,0.45,0.79,5,228,1,2022-02-21,2023-08-16,0,0,2025-05-10 18:54:24
28460,Ashley Bruce MD,HR,medium,359000,1,0.18,0.52,4,134,2,2013-06-01,2015-09-21,0,0,2025-05-10 18:54:24
28535,Brandon Castaneda,Marketing,low,427000,0,0.49,0.58,3,139,2,2022-12-21,,0,0,2025-05-10 18:54:24
28549,Christine Carter,Sales,medium,292000,0,0.4,0.58,5,173,4,2021-02-24,,0,0,2025-05-10 18:54:24
28607,Christopher Davis,Engineering,low,577000,0,0.58,0.36,5,251,3,2022-10-29,,0,0,2025-05-10 18:54:24
28653,Jessica Welch,Engineering,medium,289000,1,0.44,0.86,3,268,3,2017-04-07,2019-11-15,0,0,2025-05-10 18:54:24
28760,Ernest Anderson,Marketing,low,121000,1,0.29,0.97,6,142,1,2023-12-10,2024-12-12,0,0,2025-05-10 18:54:24
28869,April Moreno,Marketing,medium,365000,0,0.05,0.5,5,238,1,2024-09-03,,0,0,2025-05-10 18:54:24
28938,Scott Martinez,Sales,low,447000,0,0.83,0.47,3,125,3,2022-01-31,,0,0,2025-05-10 18:54:24
29016,Brittany Roach,Sales,high,231000,0,0.77,0.58,3,145,0,2025-01-19,,0,0,2025-05-10 18:54:24
29080,Justin Brown,Operations,medium,332000,0,0.74,0.84,2,122,10,2015-10-12,,0,0,2025-05-10 18:54:24
29221,Dr. Jamie Gardner MD,Marketing,medium,212000,0,0.9,0.42,3,139,0,2024-11-22,,0,0,2025-05-10 18:54:24
29534,Jennifer Berry,HR,medium,247000,0,0.76,0.81,3,132,8,2017-04-09,,0,0,2025-05-10 18:54:24
29657,Danielle Kane,Engineering,low,406000,0,0.52,0.52,3,129,1,2024-01-20,,0,0,2025-05-10 18:54:24
29746,Micheal Miller,HR,medium,224000,1,0.3,0.59,5,286,1,2021-10-23,2022-07-12,0,0,2025-05-10 18:54:24
29785,James Jones,Engineering,low,202000,0,0.56,0.47,4,125,1,2023-11-22,,0,0,2025-05-10 18:54:24
29864,Megan Nichols,Engineering,low,516000,1,0.16,0.55,5,275,6,2008-02-16,2014-03-20,0,0,2025-05-10 18:54:24
29893,Susan Powers,Operations,high,316000,0,0.86,0.93,2,135,5,2020-06-11,,0,0,2025-05-10 18:54:24
30154,Kristen Johnson,Operations,low,135000,0,0.06,0.08,6,192,4,2021-02-27,,0,0,2025-05-10 18:54:24
30219,Kevin Alvarado,Sales,low,158000,0,0.86,0.58,4,133,3,2022-08-30,,1,0,2025-05-10 18:54:24
30256,Mr. Justin Gomez,Engineering,high,281000,1,0.4,0.54,5,129,2,2019-12-15,2022-06-02,0,0,2025-05-10 18:54:24
30451,Adriana Perez,Engineering,high,447000,1,0.38,0.96,6,309,8,2009-10-19,2017-09-04,0,0,2025-05-10 18:54:24
30831,Kerry Jackson,Marketing,medium,363000,1,0.37,0.51,3,124,1,2022-11-08,2023-10-06,0,0,2025-05-10 18:54:24
30871,Barry Martinez,Marketing,low,123000,0,0.81,0.43,4,132,1,2024-10-02,,1,0,2025-05-10 18:54:24
31007,Andrew Logan,Sales,high,381000,1,1.0,0.27,7,172,1,2017-03-23,2017-11-25,1,0,2025-05-10 18:54:24
31021,Sara Taylor,Marketing,high,374000,0,0.62,0.87,4,128,5,2020-09-26,,0,0,2025-05-10 18:54:24
31161,John Mckee,Sales,medium,305000,0,0.86,0.85,3,138,3,2022-02-28,,0,0,2025-05-10 18:54:24
31495,Elizabeth Smith,Engineering,high,286000,0,0.78,0.7,2,236,3,2022-07-08,,1,0,2025-05-10 18:54:24
31512,Robert May,Marketing,low,259000,0,0.7,0.5,3,133,5,2020-09-12,,0,0,2025-05-10 18:54:24
31828,Willie Lawrence,Sales,low,221000,0,0.84,0.84,4,148,3,2021-12-22,,1,0,2025-05-10 18:54:24
31982,James Jones,HR,medium,176000,0,0.83,0.96,2,143,5,2020-09-17,,0,0,2025-05-10 18:54:24
32029,Peggy Klein,Engineering,medium,527000,0,0.85,0.51,2,138,4,2020-11-22,,0,0,2025-05-10 18:54:24
32195,Erica Carpenter,Marketing,low,133000,0,0.66,0.41,5,303,2,2023-03-11,,0,0,2025-05-10 18:54:24
32285,Michael Everett,Sales,medium,435000,0,0.06,0.85,3,272,4,2021-07-01,,0,0,2025-05-10 18:54:24
32385,David Griffin,Sales,medium,172000,1,0.27,0.93,6,133,2,2020-04-23,2021-12-18,1,0,2025-05-10 18:54:24
32571,Elizabeth Vega,Engineering,low,192000,0,0.17,0.13,2,261,2,2023-08-27,,0,0,2025-05-10 18:54:24
32850,Janet Cunningham,Engineering,low,185000,0,0.67,0.45,2,131,4,2021-06-29,,0,0,2025-05-10 18:54:24
33018,Joseph Johnson,Engineering,low,351000,0,0.37,0.47,4,149,4,2021-06-29,,0,0,2025-05-10 18:54:24
33087,Francisco Newman,HR,low,362000,0,0.85,0.49,2,146,1,2024-03-21,,0,0,2025-05-10 18:54:24
33098,David Perez,Engineering,high,547000,0,0.78,0.56,3,123,7,2018-01-16,,1,0,2025-05-10 18:54:24
33271,Martin Cisneros,Operations,medium,327000,0,0.98,0.81,3,127,8,2017-10-07,,0,0,2025-05-10 18:54:24
33325,William Gutierrez,Sales,low,222000,0,0.55,0.46,3,147,5,2019-12-28,,0,0,2025-05-10 18:54:24
33493,Anthony Wright,Marketing,low,431000,0,0.76,0.53,4,143,0,2025-08-09,,1,0,2025-05-10 18:54:24
33527,Laura Clark,Engineering,low,598000,1,0.16,0.55,2,144,2,2021-11-04,2024-01-01,0,0,2025-05-10 18:54:24
33591,Lucas Thompson,Engineering,low,592000,1,0.38,0.55,4,219,4,2010-03-14,2014-03-11,0,0,2025-05-10 18:54:24
33706,Amy Torres,Sales,medium,454000,1,0.31,0.91,4,262,5,2015-09-30,2020-05-18,0,0,2025-05-10 18:54:24
33742,Joel Bailey,Operations,low,172000,0,0.88,0.9,4,125,0,2025-05-30,,0,1,2025-05-10 18:54:24
33914,Selena Long,Sales,medium,280000,0,0.97,0.41,5,229,4,2021-10-21,,0,0,2025-05-10 18:54:24
33953,Tracy Miles,Legal,low,178000,0,0.85,0.5,3,138,9,2016-10-10,,0,0,2025-05-10 18:54:24
34386,Eileen White,Operations,high,265000,0,0.54,1.0,4,127,2,2023-03-15,,0,0,2025-05-10 18:54:24
35179,Abigail Henry,Operations,medium,80000,0,0.67,0.95,4,133,1,2024-02-13,,0,0,2025-05-10 18:54:24
35237,Ricardo Anderson,HR,low,137000,0,0.71,0.41,3,130,1,2024-10-07,,0,0,2025-05-10 18:54:24
35335,Karen Hardy,Engineering,medium,237000,0,0.94,0.88,3,126,2,2023-05-27,,0,0,2025-05-10 18:54:24
35438,Kaitlin Johnson,Marketing,low,411000,0,0.8,0.87,3,122,0,2025-04-23,,0,0,2025-05-10 18:54:24
35522,Danny Young,Sales,medium,184000,1,0.14,0.8,4,134,2,2023-04-30,2025-05-10,1,0,2025-05-10 19:00:34
35600,Ashley Ferguson,Marketing,high,385000,0,0.95,0.55,4,132,0,2025-08-01,,0,0,2025-05-10 18:54:24
35664,Edward West,HR,medium,162000,0,0.84,0.94,3,144,1,2024-03-25,,0,0,2025-05-10 18:54:24
35671,Christopher Smith,HR,low,302000,0,0.99,0.46,2,148,1,2023-11-28,,0,0,2025-05-10 18:54:24
35718,Debbie Garcia,Sales,medium,357000,0,0.8,0.41,2,125,0,2025-03-26,,0,0,2025-05-10 18:54:24
35741,Richard Hall,Engineering,low,495000,0,0.82,0.44,2,145,2,2023-10-08,,0,0,2025-05-10 18:54:24
35760,Matthew Durham,Legal,medium,485000,0,0.91,0.99,3,146,8,2017-10-12,,0,0,2025-05-10 18:54:24
35795,Gail Washington,Sales,low,227000,0,0.89,0.39,6,241,3,2022-02-17,,0,0,2025-05-10 18:54:24
35814,Mary Young,HR,low,170000,0,0.86,0.93,4,127,4,2021-03-24,,0,0,2025-05-10 18:54:24
35970,Kaitlin Phillips,HR,medium,149000,0,0.54,0.54,4,144,3,2022-03-14,,0,0,2025-05-10 18:54:24
35973,Jeffery Carter,Engineering,medium,556000,0,0.78,0.93,3,137,3,2022-02-27,,1,0,2025-05-10 18:54:24
35993,William Jackson,Sales,medium,462000,1,0.02,0.13,5,195,2,2021-06-23,2023-10-27,0,0,2025-05-10 18:54:24
36093,Jeffrey Rivera,Marketing,medium,429000,0,0.04,0.42,3,282,5,2020-03-25,,0,0,2025-05-10 18:54:24
36382,Joseph Henderson,Engineering,medium,212000,0,0.4,0.27,4,190,4,2021-10-30,,0,0,2025-05-10 18:54:24
36697,Mary Gonzalez,Operations,low,158000,1,0.68,0.89,5,202,1,2013-12-08,2015-05-07,0,0,2025-05-10 18:54:24
37048,Jennifer Hughes,Sales,low,214000,0,0.31,0.05,5,225,0,2024-11-13,,0,0,2025-05-10 18:54:24
37265,Mary Rodriguez,Engineering,low,593000,0,0.58,0.82,2,149,10,2015-05-22,,0,0,2025-05-10 18:54:24
37421,Calvin Christensen,Sales,medium,297000,0,0.59,0.95,3,123,4,2020-12-18,,0,0,2025-05-10 18:54:24
37434,Jose Reynolds,Sales,medium,171000,0,0.72,0.49,2,147,3,2022-05-31,,0,0,2025-05-10 18:54:24
37463,Tanner Prince,Engineering,high,430000,0,0.84,0.89,3,131,3,2022-05-21,,0,0,2025-05-10 18:54:24
37500,Samuel Parks,Operations,high,131000,0,0.78,0.36,5,275,3,2022-10-10,,0,0,2025-05-10 18:54:24
37509,Thomas Sanders,Sales,low,474000,0,0.43,0.99,2,135,1,2024-07-30,,0,0,2025-05-10 18:54:24
37517,Aaron Roberts,Marketing,low,425000,1,0.83,0.54,5,200,3,2017-11-13,2020-08-10,0,0,2025-05-10 18:54:24
37585,Matthew Martinez MD,Sales,medium,459000,1,0.7,0.52,6,271,1,2018-11-22,2019-10-06,0,0,2025-05-10 18:54:24
37930,Kristina Harrison,Marketing,low,313000,0,0.67,0.43,2,135,3,2022-03-28,,0,0,2025-05-10 18:54:24
38353,Juan Hughes,Marketing,medium,348000,0,0.59,0.88,3,134,3,2021-12-19,,0,0,2025-05-10 18:54:24
38388,Emily Simmons,Engineering,medium,203000,0,0.61,0.9,4,143,3,2022-04-12,,1,0,2025-05-10 18:54:24
38606,Victor Watson,Sales,medium,199000,0,0.23,0.53,2,219,2,2023-07-28,,0,0,2025-05-10 18:54:24
38930,Duane Campbell,Sales,medium,260000,0,0.33,0.16,4,227,2,2023-06-01,,0,0,2025-05-10 18:54:24
39427,Thomas Mosley,HR,medium,108000,0,0.83,0.41,4,133,4,2021-02-11,,1,0,2025-05-10 18:54:24
39469,Jenna White,Sales,medium,458000,0,0.16,0.09,4,243,2,2022-11-29,,0,0,2025-05-10 18:54:24
39752,Kevin Pittman,HR,low,351000,1,0.3,0.8,7,300,9,2006-11-11,2015-12-17,0,0,2025-05-10 18:54:24
39890,Theresa Davis,Marketing,low,435000,0,0.43,0.95,2,143,2,2022-12-11,,0,0,2025-05-10 18:54:24
40117,Amanda Hutchinson,Engineering,medium,318000,0,0.8,0.41,3,148,7,2018-02-03,,0,0,2025-05-10 18:54:24
40240,Joshua Harris,HR,low,135000,0,0.47,0.46,4,134,4,2020-12-26,,0,0,2025-05-10 18:54:24
40321,Melissa Wilson,Engineering,medium,441000,1,0.26,0.85,5,301,1,2017-11-11,2018-05-15,0,0,2025-05-10 18:54:24
40363,John Montgomery,Sales,medium,416000,0,0.55,0.88,3,140,1,2023-12-12,,0,0,2025-05-10 18:54:24
40446,Janet Taylor,Marketing,high,172000,0,0.56,0.5,2,145,3,2022-01-25,,0,0,2025-05-10 18:54:24
40651,Susan Ramos,Marketing,medium,346000,1,0.48,0.36,3,285,2,2017-03-08,2019-02-22,0,0,2025-05-10 18:54:24
40829,Ryan Jackson,HR,low,155000,0,0.93,0.53,4,121,3,2022-03-12,,1,0,2025-05-10 18:54:24
41001,Mary Tyler,Operations,low,224000,0,0.5,0.85,4,138,0,2025-04-19,,0,0,2025-05-10 18:54:24
41306,Dr. Robert Hendrix,Operations,medium,98000,0,0.06,0.61,4,224,2,2022-12-16,,0,0,2025-05-10 18:54:24
41404,Kevin Cruz,Engineering,low,541000,1,0.94,0.48,5,253,2,2015-04-26,2017-09-05,0,0,2025-05-10 18:54:24
41538,Jacqueline Bush,Marketing,high,144000,0,0.8,0.46,2,139,4,2021-08-17,,0,0,2025-05-10 18:54:24
41857,Carolyn Bennett,Sales,high,223000,0,0.88,0.51,4,140,4,2021-08-15,,0,0,2025-05-10 18:54:24
42104,Samantha Perkins,Marketing,medium,284000,1,0.24,0.56,6,278,1,2018-12-06,2019-06-21,0,0,2025-05-10 18:54:24
42114,Christopher Davidson,Engineering,low,189000,0,0.76,0.58,2,127,3,2021-11-13,,0,1,2025-05-10 18:54:24
42145,Mitchell Ramsey,Engineering,high,213000,0,0.43,0.58,2,122,8,2017-04-22,,0,0,2025-05-10 18:54:24
42180,Crystal Williams,Marketing,medium,253000,0,0.7,0.88,3,139,4,2021-06-19,,0,0,2025-05-10 18:54:24
42245,Anna Dillon,Marketing,low,413000,0,0.27,0.52,7,174,5,2019-12-30,,0,0,2025-05-10 18:54:24
42347,Sandra Mclean MD,Marketing,medium,299000,0,0.95,0.55,3,139,3,2022-03-30,,0,0,2025-05-10 18:54:24
42441,Richard Elliott,Sales,medium,448000,0,0.89,0.84,3,194,4,2021-01-01,,0,0,2025-05-10 18:54:24
42467,Kathleen Summers,Engineering,low,494000,0,0.96,0.98,4,136,7,2018-09-09,,1,0,2025-05-10 18:54:24
43237,Daniel Pineda,Engineering,medium,295000,0,0.81,0.86,3,126,2,2023-10-03,,0,0,2025-05-10 18:54:24
43487,Samuel Cruz,Engineering,medium,333000,0,0.8,0.59,2,135,4,2021-05-31,,1,0,2025-05-10 18:54:24
43504,Walter French,Sales,high,413000,0,0.28,0.49,4,290,2,2023-10-20,,0,0,2025-05-10 18:54:24
43753,Helen Neal,Engineering,medium,511000,0,0.96,0.89,3,150,1,2024-01-18,,0,0,2025-05-10 18:54:24
44025,Emily Chan,Engineering,medium,355000,0,0.94,0.8,3,136,2,2023-03-12,,0,0,2025-05-10 18:54:24
44279,Julia Castaneda,HR,medium,215000,1,0.43,0.58,6,264,7,2011-09-07,2018-09-15,0,0,2025-05-10 18:54:24
44309,Jessica Jones,Sales,low,345000,1,0.09,0.09,6,279,2,2022-01-01,2023-09-19,1,0,2025-05-10 18:54:24
44404,Michael Morrison,Sales,low,418000,0,0.68,0.49,2,143,4,2021-06-15,,0,0,2025-05-10 18:54:24
44540,Matthew Ramsey,Legal,low,248000,0,0.71,0.51,3,141,4,2021-09-08,,0,0,2025-05-10 18:54:24
44719,Christine Stone,Marketing,medium,378000,0,0.85,0.49,3,124,5,2020-09-01,,0,0,2025-05-10 18:54:24
45118,Marilyn Estrada,Sales,low,280000,0,0.54,0.66,7,163,1,2024-06-12,,0,0,2025-05-10 18:54:24
45313,Alan Rangel,Marketing,low,410000,0,0.95,0.43,2,148,1,2024-01-18,,0,0,2025-05-10 18:54:24
45473,Erica Jordan,Sales,medium,196000,0,0.56,0.48,2,147,2,2023-01-19,,0,0,2025-05-10 18:54:24
45587,Chelsea Hernandez,Sales,low,223000,0,0.9,0.91,6,199,2,2023-04-08,,0,0,2025-05-10 18:54:24
45597,Todd Thomas,Marketing,medium,393000,0,0.8,0.46,4,148,4,2021-03-03,,0,0,2025-05-10 18:54:24
45942,Kevin Robertson,Sales,low,314000,1,0.26,0.5,5,262,3,2017-07-25,2020-05-08,0,0,2025-05-10 18:54:24
46082,Greg Rodriguez,Marketing,medium,259000,0,0.15,0.1,4,202,1,2024-06-08,,0,0,2025-05-10 18:54:24
46309,Anita Marquez,Engineering,low,595000,0,0.64,0.6,2,130,3,2022-10-10,,0,0,2025-05-10 18:54:24
46745,Julie Waters,Marketing,low,335000,0,0.95,0.6,4,136,4,2021-02-07,,0,0,2025-05-10 18:54:24
46830,Robert Miller,Engineering,medium,245000,0,0.84,0.81,4,150,0,2025-10-10,,1,0,2025-05-10 18:54:24
47025,Catherine Clark,Sales,medium,166000,0,0.32,0.59,7,176,1,2024-08-20,,0,0,2025-05-10 18:54:24
47357,Catherine Wolfe,Sales,medium,312000,0,0.87,0.15,6,254,2,2023-09-02,,0,0,2025-05-10 18:54:24
47438,Tamara Williams,Engineering,low,375000,1,0.35,0.49,6,277,1,2021-05-25,2022-09-10,0,0,2025-05-10 18:54:24
47566,John Hays,Marketing,medium,260000,0,0.98,0.97,3,229,2,2023-03-16,,0,0,2025-05-10 18:54:24
47898,David Soto,Sales,low,405000,0,0.91,0.8,3,127,8,2017-07-20,,0,0,2025-05-10 18:54:24
48052,Kimberly Smith,Engineering,low,366000,1,0.08,0.01,2,226,4,2017-03-29,2020-12-05,0,0,2025-05-10 18:54:24
48400,Megan Hill,Engineering,low,320000,0,0.09,0.52,5,235,2,2023-04-26,,0,0,2025-05-10 18:54:24
48447,Martha White,Sales,medium,446000,0,0.68,0.94,4,135,0,2025-08-11,,0,0,2025-05-10 18:54:24
48576,Martin Johnson,Sales,low,366000,0,0.88,0.81,4,135,5,2020-01-14,,0,0,2025-05-10 18:54:24
48739,Christopher Watson,Marketing,medium,441000,0,0.7,0.58,3,136,2,2023-10-22,,0,0,2025-05-10 18:54:24
48795,Jonathan Green,Marketing,medium,291000,0,0.66,0.93,2,125,3,2022-08-25,,1,0,2025-05-10 18:54:24
48819,Gregory Boyd,Sales,medium,189000,0,0.5,0.82,4,126,1,2024-05-12,,0,0,2025-05-10 18:54:24
49393,Michael Lozano,Marketing,low,218000,0,0.51,0.48,2,149,1,2024-06-21,,0,0,2025-05-10 18:54:24
49434,Veronica Watkins,Marketing,medium,430000,0,0.25,0.52,4,137,0,2025-08-09,,0,0,2025-05-10 18:54:24
49520,Sandra Edwards,HR,low,389000,0,0.73,1.0,3,147,0,2024-12-20,,0,0,2025-05-10 18:54:24
49944,Mark Adams,Marketing,low,177000,1,0.16,0.53,5,149,4,2011-04-12,2015-03-24,0,0,2025-05-10 18:54:24
50009,Tanner Jones,Engineering,medium,558000,0,0.54,0.47,2,120,1,2024-06-02,,0,0,2025-05-10 18:54:24
50615,Michele Velasquez MD,Sales,low,477000,0,0.72,0.8,3,127,7,2018-09-05,,0,0,2025-05-10 18:54:24
50672,Henry Bridges,Sales,low,273000,0,0.9,0.74,7,232,4,2021-01-30,,0,0,2025-05-10 18:54:24
50695,Sherry Nichols,Legal,low,401000,0,0.71,0.93,2,123,7,2018-06-20,,0,0,2025-05-10 18:54:24
50735,David Quinn,Sales,high,461000,0,0.34,0.82,3,127,1,2024-06-05,,1,0,2025-05-10 18:54:24
50797,Joshua Flynn,Marketing,low,145000,0,0.87,0.95,3,144,5,2020-07-13,,0,0,2025-05-10 18:54:24
50823,Cory Tucker,Sales,low,153000,1,0.25,0.49,7,136,3,2016-06-11,2019-09-25,0,0,2025-05-10 18:54:24
51019,Elizabeth Miller,Sales,low,357000,1,0.19,0.98,3,140,8,2008-09-26,2016-08-26,0,0,2025-05-10 18:54:24
51140,Kathleen Andrade,Marketing,medium,242000,0,0.62,0.89,3,260,4,2021-10-05,,0,0,2025-05-10 18:54:24
51432,Natalie Hoffman,Marketing,low,240000,1,0.27,0.45,7,120,1,2018-09-11,2019-07-26,0,0,2025-05-10 18:54:24
51488,Brittany Anderson,Engineering,medium,221000,1,0.6,0.44,7,278,1,2016-06-13,2017-07-16,0,0,2025-05-10 18:54:24
52173,Susan Benitez,Sales,low,168000,0,0.6,0.8,2,145,1,2024-01-02,,0,0,2025-05-10 18:54:24
52856,Roger Davis,Marketing,high,265000,0,0.56,0.9,4,306,2,2023-01-29,,0,0,2025-05-10 18:54:24
52876,Denise Rivas,Sales,medium,464000,1,0.51,0.94,7,265,2,2021-04-11,2022-12-26,0,0,2025-05-10 18:54:24
53227,Anthony Kane,Engineering,medium,447000,1,0.19,0.82,7,141,4,2016-08-28,2020-04-08,0,0,2025-05-10 18:54:24
53296,Ariel Hampton,Engineering,low,390000,0,0.62,0.89,2,122,6,2019-09-18,,1,0,2025-05-10 18:54:24
53350,Chase Sloan,Marketing,low,333000,0,0.0,0.33,6,199,2,2022-11-20,,0,0,2025-05-10 18:54:24
53386,Carolyn Osborne,Marketing,low,391000,0,0.68,0.8,3,132,1,2023-11-25,,0,0,2025-05-10 18:54:24
53565,Rebecca Phillips,Marketing,medium,186000,1,0.73,0.12,2,182,1,2020-08-14,2022-01-16,0,0,2025-05-10 18:54:24
53581,Kenneth Small,Operations,low,161000,1,0.21,0.83,6,264,7,2008-11-07,2015-09-07,0,0,2025-05-10 18:54:24
53743,Kelly Horn,Engineering,high,353000,0,0.39,0.95,2,124,0,2024-11-24,,0,0,2025-05-10 18:54:24
53772,Amanda Wilson,HR,low,333000,0,0.27,0.5,5,180,8,2017-05-04,,0,0,2025-05-10 18:54:24
53923,Jennifer Anderson,Sales,medium,452000,1,0.45,0.41,7,309,10,2004-12-28,2014-09-13,0,0,2025-05-10 18:54:24
54225,Antonio Williamson,Engineering,low,219000,1,0.38,0.43,6,283,7,2009-11-10,2016-07-22,0,0,2025-05-10 18:54:24
54264,Dana Fitzpatrick,Engineering,low,286000,0,0.69,1.0,3,121,0,2025-05-20,,0,0,2025-05-10 18:54:24
54269,Breanna Stewart,Engineering,low,239000,0,0.98,0.55,2,120,7,2018-08-30,,0,0,2025-05-10 18:54:24
54354,Mathew Foster,HR,medium,395000,0,0.52,0.2,7,268,3,2022-10-01,,0,0,2025-05-10 18:54:24
54528,Wayne Kelley,Sales,medium,212000,1,0.07,0.88,5,149,1,2023-02-08,2024-01-22,0,0,2025-05-10 18:54:24
54883,Darlene Woods,Engineering,high,531000,0,0.58,0.65,4,246,4,2021-06-07,,1,0,2025-05-10 18:54:24
54964,Briana Jackson,Sales,high,436000,0,0.52,0.84,3,137,3,2022-05-28,,0,0,2025-05-10 18:54:24
55040,Ryan Hall,Marketing,low,139000,1,0.55,0.98,5,148,2,2018-07-29,2020-10-12,0,0,2025-05-10 18:54:24
55948,Lisa Payne,Marketing,low,227000,0,0.66,0.29,7,223,5,2020-07-06,,1,0,2025-05-10 18:54:24
55987,Kathleen Cruz,Sales,high,461000,0,0.12,0.52,7,198,8,2017-11-01,,0,0,2025-05-10 18:54:24
56108,Luke Moreno,Sales,low,433000,0,0.6,0.56,3,146,1,2024-01-12,,0,0,2025-05-10 18:54:24
56296,Donna Miller,Sales,low,215000,0,0.59,0.95,4,144,8,2017-08-07,,0,0,2025-05-10 18:54:24
56302,Kayla Lloyd,Sales,low,334000,1,0.69,0.06,3,147,4,2011-12-23,2016-04-03,0,0,2025-05-10 18:54:24
56333,Alexander Martinez,Marketing,medium,388000,0,0.44,0.59,4,134,3,2022-06-21,,0,0,2025-05-10 18:54:24
56392,Brandon Young,Legal,high,188000,0,0.51,0.59,3,139,3,2021-11-18,,0,0,2025-05-10 18:54:24
56444,Keith Reyes,Sales,high,351000,0,0.74,0.56,2,142,0,2025-05-17,,1,0,2025-05-10 18:54:24
56461,Dennis Patterson,HR,low,237000,1,0.94,0.33,6,286,2,2020-11-30,2022-10-23,0,0,2025-05-10 18:54:24
56518,Tara English,Engineering,medium,585000,0,0.62,0.5,4,142,4,2021-01-16,,0,0,2025-05-10 18:54:24
56519,Bruce Whitehead,Engineering,low,356000,0,0.48,0.88,4,127,0,2025-01-27,,1,0,2025-05-10 18:54:24
57057,Allison Randolph,Marketing,medium,392000,0,0.48,0.44,3,137,1,2024-10-26,,1,0,2025-05-10 18:54:24
57155,Kelly Graves,Marketing,low,430000,0,0.7,0.83,4,130,10,2015-08-18,,0,0,2025-05-10 18:54:24
57333,Jennifer Garcia,Engineering,low,383000,1,0.88,0.92,5,184,4,2011-07-12,2015-02-08,0,0,2025-05-10 18:54:24
57346,Bryan Shepard,Engineering,low,599000,0,0.69,0.8,2,142,3,2022-08-01,,0,0,2025-05-10 18:54:24
57498,Joshua Rodgers,Sales,medium,191000,0,0.77,0.42,3,135,6,2019-03-03,,0,0,2025-05-10 18:54:24
57531,Whitney James,Engineering,medium,474000,0,0.53,0.03,7,278,1,2024-05-19,,0,0,2025-05-10 18:54:24
57959,Isaiah Cantrell,Marketing,low,138000,0,0.82,0.54,4,127,0,2025-03-01,,0,0,2025-05-10 18:54:24
57985,Vickie Church DVM,Legal,low,157000,0,0.52,0.44,4,123,2,2023-03-07,,0,0,2025-05-10 18:54:24
58154,Amanda Martinez,Sales,medium,398000,0,0.78,0.81,2,143,8,2017-03-26,,0,0,2025-05-10 18:54:24
58199,Patricia Martin,Engineering,high,600000,0,0.6,0.89,2,146,7,2018-01-10,,1,0,2025-05-10 18:54:24
58422,Kathryn Myers,Engineering,low,529000,0,0.7,0.49,2,120,7,2018-01-12,,1,0,2025-05-10 18:54:24
58433,Dr. Bradley Vazquez,Engineering,medium,489000,0,0.8,0.85,3,144,1,2024-05-05,,0,0,2025-05-10 18:54:24
58912,Julia Hawkins,Sales,low,161000,0,0.43,0.55,2,126,1,2024-02-01,,0,0,2025-05-10 18:54:24
59082,Carolyn Frank,Marketing,low,122000,0,0.87,0.44,3,150,6,2019-11-01,,0,0,2025-05-10 18:54:24
59800,Curtis Vega,Sales,low,348000,0,0.77,0.92,4,146,5,2020-08-02,,0,0,2025-05-10 18:54:24
59878,Beverly Ferguson,HR,high,224000,0,0.63,0.43,2,149,3,2022-01-05,,0,0,2025-05-10 18:54:24
60177,Keith Johnson,Engineering,medium,258000,0,0.73,0.46,4,149,0,2025-07-25,,0,0,2025-05-10 18:54:24
60429,Krista Fernandez,Engineering,low,238000,0,0.0,0.88,5,225,4,2020-12-26,,0,0,2025-05-10 18:54:24
60470,Luis Rowe,Marketing,medium,358000,0,0.4,0.7,7,188,1,2024-05-27,,0,0,2025-05-10 18:54:24
60638,Patrick Fritz,Marketing,medium,306000,1,0.44,0.82,2,282,1,2023-03-21,2024-08-11,0,0,2025-05-10 18:54:24
60929,Kevin Holmes,Sales,low,492000,0,0.8,0.52,4,120,4,2020-11-12,,1,0,2025-05-10 18:54:24
61068,Allison Mueller,Marketing,high,384000,0,0.05,0.31,5,195,4,2021-06-13,,1,0,2025-05-10 18:54:24
61142,Jason Schmitt,Marketing,high,141000,0,0.48,0.81,2,150,2,2022-12-14,,0,0,2025-05-10 18:54:24
61217,Tammy Everett,Marketing,low,396000,0,0.85,0.88,5,233,10,2015-04-11,,0,0,2025-05-10 18:54:24
61332,Michael Carter,Sales,low,312000,1,0.01,0.27,7,192,1,2023-01-16,2024-01-12,0,0,2025-05-10 18:54:24
61589,Eric Douglas,Sales,medium,221000,0,0.78,0.89,4,120,2,2023-09-28,,1,0,2025-05-10 18:54:24
61637,Kristine Hernandez,Marketing,low,147000,0,0.55,0.6,4,237,2,2023-04-12,,0,0,2025-05-10 18:54:24
62213,Nicole Sims,Engineering,high,409000,1,0.42,0.89,6,242,2,2015-09-10,2017-04-22,0,0,2025-05-10 18:54:24
62348,Ricky Martinez,HR,medium,226000,0,0.57,0.92,2,136,1,2024-03-23,,0,0,2025-05-10 18:54:24
62694,Mary Anderson,Operations,medium,329000,0,0.62,0.52,3,137,3,2022-09-19,,0,0,2025-05-10 18:54:24
62953,Randy Turner,Operations,low,119000,0,0.44,0.12,5,296,3,2022-09-23,,0,0,2025-05-10 18:54:24
62993,John Escobar,Sales,low,364000,0,0.7,0.98,3,148,2,2023-04-28,,0,0,2025-05-10 18:54:24
63296,Stephanie Bradshaw,Marketing,medium,373000,0,0.67,0.82,2,128,0,2025-02-01,,0,0,2025-05-10 18:54:24
63493,Carol Waters,Engineering,low,349000,1,0.4,0.41,6,296,1,2016-08-16,2017-06-13,0,0,2025-05-10 18:54:24
64092,Sarah Collins,Operations,low,277000,0,0.47,0.7,2,268,0,2025-08-13,,1,0,2025-05-10 18:54:24
64624,Andrew Ramirez,Engineering,high,194000,0,0.71,0.87,4,138,0,2025-08-26,,0,0,2025-05-10 18:54:24
64653,Garrett Gilmore,Marketing,low,438000,0,0.65,0.55,3,146,5,2020-05-16,,0,0,2025-05-10 18:54:24
64699,Steven Mercer,Marketing,low,178000,0,0.84,0.57,4,150,2,2022-12-15,,0,0,2025-05-10 18:54:24
64788,Donna Benson,Marketing,low,300000,0,0.55,0.92,4,142,2,2023-04-08,,0,0,2025-05-10 18:54:24
65032,Tyler Armstrong,Engineering,high,341000,1,0.87,0.74,6,218,8,2009-08-05,2017-07-19,0,0,2025-05-10 18:54:24
65042,Katrina Rubio,Marketing,medium,444000,0,0.39,0.52,2,130,4,2021-04-29,,0,0,2025-05-10 18:54:24
65686,Devon Dennis,Engineering,low,306000,1,0.0,0.34,6,148,5,2015-02-19,2019-12-06,0,0,2025-05-10 18:54:24
66435,Mary Diaz,Marketing,high,148000,0,0.49,0.9,3,125,6,2019-08-18,,0,0,2025-05-10 18:54:24
66612,Gregory Stanley,Operations,high,329000,0,0.63,0.51,3,120,2,2023-10-30,,0,0,2025-05-10 18:54:24
66909,Paul Stewart,Marketing,low,281000,0,0.25,0.44,7,145,1,2023-12-14,,0,0,2025-05-10 18:54:24
67237,Patricia Ramos,Sales,low,268000,1,0.24,0.46,2,149,2,2022-03-25,2024-02-08,0,0,2025-05-10 18:54:24
67244,Christine Ross,Engineering,medium,572000,1,0.32,0.87,7,266,7,2011-04-12,2018-01-05,0,0,2025-05-10 18:54:24
67307,Lisa Lewis,Operations,low,297000,1,0.29,0.54,6,271,3,2018-05-23,2021-09-11,0,0,2025-05-10 18:54:24
67469,Mrs. Michele Nguyen,Engineering,medium,460000,0,0.78,0.46,2,148,1,2024-06-03,,1,0,2025-05-10 18:54:24
67540,Christine Neal,Engineering,medium,379000,0,0.63,0.91,3,144,3,2022-08-28,,0,0,2025-05-10 18:54:24
67542,Heather Neal,Engineering,low,361000,0,0.55,0.48,3,150,10,2015-04-16,,0,0,2025-05-10 18:54:24
67562,Kelly Anderson,Legal,low,171000,0,0.58,0.52,4,137,4,2021-09-25,,0,0,2025-05-10 18:54:24
67768,Gabrielle Graham,HR,low,337000,0,0.67,0.27,5,254,5,2020-02-09,,0,0,2025-05-10 18:54:24
67784,Brian Rogers,Operations,low,272000,0,0.91,0.07,2,150,4,2021-02-01,,0,0,2025-05-10 18:54:24
68033,Margaret Thompson,Engineering,medium,344000,0,0.92,0.96,2,138,8,2017-08-12,,0,0,2025-05-10 18:54:24
68391,Kimberly Greene,Legal,high,428000,1,0.12,1.0,3,310,6,2013-05-29,2019-08-04,0,0,2025-05-10 18:54:24
68839,Katherine Webb,Sales,low,353000,0,0.37,0.86,3,221,8,2017-04-10,,0,0,2025-05-10 18:54:24
69146,Randy Byrd,Marketing,low,368000,1,0.36,0.72,7,248,1,2017-12-02,2018-12-13,0,0,2025-05-10 18:54:24
69522,Gloria Taylor,Engineering,low,377000,0,0.55,0.07,4,233,2,2023-02-22,,0,0,2025-05-10 18:54:24
70163,Mr. David Olson,Engineering,low,540000,0,0.45,0.1,6,280,6,2018-11-26,,0,0,2025-05-10 18:54:24
70329,Chelsey Morgan,Sales,low,361000,0,0.69,0.58,2,254,5,2020-08-30,,0,0,2025-05-10 18:54:24
70352,Anna Joseph,Operations,medium,338000,1,0.21,0.51,7,303,1,2015-09-22,2016-07-08,0,0,2025-05-10 18:54:24
70514,Brian Crawford,Engineering,low,374000,0,0.09,0.73,5,181,4,2021-08-25,,1,0,2025-05-10 18:54:24
70615,Christine Castro,Engineering,low,217000,0,0.69,0.5,3,145,2,2022-11-21,,0,0,2025-05-10 18:54:24
70822,Eric Mcconnell,Sales,low,341000,0,0.77,0.9,3,139,3,2022-08-29,,0,0,2025-05-10 18:54:24
71010,Rachel Spence,Operations,low,224000,0,0.83,0.4,2,218,1,2024-08-16,,0,0,2025-05-10 18:54:24
71282,Nicole Skinner,HR,medium,199000,0,0.66,0.94,2,130,3,2022-01-31,,1,1,2025-05-10 18:54:24
71284,Emily Jones,Engineering,high,323000,0,0.58,0.94,3,229,1,2024-07-09,,0,0,2025-05-10 18:54:24
71292,Adrian Blair,Sales,low,457000,0,0.41,0.46,2,143,3,2022-10-25,,0,0,2025-05-10 18:54:24
71381,Christopher Smith,Marketing,medium,325000,1,0.16,0.51,2,278,4,2011-04-06,2015-02-03,0,0,2025-05-10 18:54:24
71468,Katherine Arnold,Engineering,low,531000,0,0.15,0.47,6,281,4,2021-02-15,,0,0,2025-05-10 18:54:24
71575,Natalie Brooks,Engineering,low,196000,1,0.49,0.81,6,270,2,2018-01-24,2020-01-19,0,0,2025-05-10 18:54:24
71644,Jason Townsend,HR,medium,246000,0,0.83,0.97,3,124,2,2023-06-25,,0,0,2025-05-10 18:54:24
71678,Victoria Kennedy,Engineering,low,494000,0,0.77,0.43,4,125,3,2022-05-26,,1,0,2025-05-10 18:54:24
71686,Kathleen Howard,Marketing,high,228000,0,0.84,0.06,7,155,10,2015-02-02,,0,0,2025-05-10 18:54:24
71697,Aaron Rodriguez,Engineering,medium,377000,0,0.42,0.48,2,143,4,2021-01-25,,0,0,2025-05-10 18:54:24
71855,Chad Barnes,Sales,low,160000,0,0.91,0.82,6,211,9,2016-09-06,,0,0,2025-05-10 18:54:24
72066,Sergio Curtis,Engineering,medium,500000,0,0.64,0.93,3,145,4,2021-01-18,,0,0,2025-05-10 18:54:24
72200,Betty Fitzgerald,Marketing,low,131000,0,0.66,0.45,3,150,6,2018-11-15,,0,0,2025-05-10 18:54:24
72426,Courtney Mitchell,Engineering,low,406000,0,0.51,0.46,4,156,0,2025-06-12,,0,0,2025-05-10 18:54:24
72482,Peter Armstrong,HR,medium,351000,0,0.54,0.4,3,127,2,2023-04-14,,0,0,2025-05-10 18:54:24
72511,Mike Rivera,Sales,medium,463000,0,0.61,0.42,2,209,4,2021-01-06,,0,0,2025-05-10 18:54:24
72819,Timothy Villa,Engineering,medium,355000,0,0.16,0.19,6,178,1,2024-09-07,,0,0,2025-05-10 18:54:24
73063,Aaron Carter,HR,low,325000,0,0.75,1.0,2,143,4,2020-12-08,,0,0,2025-05-10 18:54:24
73132,Joseph West,Engineering,low,182000,0,0.65,0.85,4,148,2,2023-05-15,,0,0,2025-05-10 18:54:24
73309,Stephanie Chambers,Marketing,low,389000,1,0.9,0.21,5,303,1,2016-01-05,2017-03-03,0,0,2025-05-10 18:54:24
73357,Melissa Rodgers,Sales,high,216000,0,0.59,0.96,2,141,8,2017-10-26,,1,0,2025-05-10 18:54:24
73420,Brenda Martin,Marketing,low,327000,0,0.94,0.92,3,143,4,2021-05-31,,0,0,2025-05-10 18:54:24
73512,Tyler Walker,Marketing,low,121000,1,0.61,0.92,6,137,7,2007-11-27,2014-06-28,0,0,2025-05-10 18:54:24
73603,Jose Parsons,Sales,low,388000,0,0.55,0.95,3,130,4,2021-09-24,,0,1,2025-05-10 18:54:24
73667,Monica Deleon,Sales,low,378000,0,0.74,0.67,4,205,10,2015-03-27,,0,0,2025-05-10 18:54:24
73692,Lindsay Contreras,Sales,medium,414000,0,0.46,0.98,4,141,0,2025-06-20,,0,0,2025-05-10 18:54:24
73845,Anna Conway,Legal,low,461000,0,0.92,0.32,3,177,2,2023-05-16,,0,0,2025-05-10 18:54:24
74000,William Simpson,Marketing,low,128000,0,0.71,0.52,7,154,5,2019-12-07,,0,0,2025-05-10 18:54:24
74385,Randall Johnson,Engineering,low,593000,0,0.36,0.42,4,175,3,2022-07-31,,1,1,2025-05-10 18:54:24
74519,Derek Salazar,Marketing,low,200000,0,0.56,0.33,2,191,1,2024-06-05,,0,0,2025-05-10 18:54:24
74563,Jose Mitchell,Engineering,low,221000,0,0.26,0.33,3,168,3,2022-01-02,,0,0,2025-05-10 18:54:24
74579,Donna Smith,Sales,low,384000,0,0.7,0.47,4,263,2,2023-10-13,,0,0,2025-05-10 18:54:24
74792,David Hernandez,Engineering,low,307000,1,0.35,0.87,2,141,2,2017-07-09,2019-12-15,0,0,2025-05-10 18:54:24
75085,Alexis Jackson,HR,medium,193000,0,0.71,0.9,2,143,7,2017-11-22,,0,0,2025-05-10 18:54:24
75341,Leah Carpenter,Marketing,low,283000,0,0.65,0.94,4,137,3,2022-06-12,,0,0,2025-05-10 18:54:24
75364,Russell Singh,HR,medium,278000,0,0.79,0.49,4,134,7,2018-05-29,,1,0,2025-05-10 18:54:24
75593,Michelle Morris,Engineering,medium,532000,1,0.42,0.51,5,293,3,2017-11-08,2020-10-02,0,0,2025-05-10 18:54:24
75668,Rodney Kim,HR,medium,184000,0,0.64,0.83,2,125,4,2021-01-22,,0,0,2025-05-10 18:54:24
75847,Valerie Moran,Sales,high,464000,0,0.25,0.01,3,190,0,2025-08-09,,0,0,2025-05-10 18:54:24
76525,Katrina Middleton,Sales,high,443000,1,0.78,0.34,5,237,1,2016-08-15,2017-12-26,0,0,2025-05-10 18:54:24
76574,Susan Compton,Marketing,low,193000,0,0.83,0.9,3,127,10,2015-08-12,,0,0,2025-05-10 18:54:24
76674,Lucas Williams,Marketing,medium,178000,1,0.2,0.93,4,133,1,2022-07-06,2023-08-26,0,0,2025-05-10 18:54:24
76880,Charles Fisher,Engineering,medium,585000,0,0.69,0.49,3,148,1,2024-10-14,,1,0,2025-05-10 18:54:24
76914,Rebecca Chapman,Engineering,medium,279000,1,0.19,0.44,5,143,7,2011-03-09,2018-05-29,0,0,2025-05-10 18:54:24
77019,Robert Wood,HR,low,150000,0,0.89,0.98,4,135,8,2017-05-05,,0,0,2025-05-10 18:54:24
77099,Devin Gonzalez,Engineering,medium,232000,1,0.14,0.41,3,291,8,2008-09-03,2016-05-20,0,1,2025-05-10 18:54:24
77350,Kenneth Martin,Engineering,low,284000,0,0.62,0.59,3,147,5,2019-12-28,,0,0,2025-05-10 18:54:24
77484,Stacy Morris,HR,medium,359000,0,0.71,0.91,3,204,2,2023-06-07,,0,1,2025-05-10 18:54:24
77503,Mikayla Williams,HR,high,210000,0,0.58,0.6,3,125,2,2023-07-18,,0,0,2025-05-10 18:54:24
77569,Mark Stewart,Marketing,low,395000,0,0.85,0.98,4,144,3,2022-03-30,,0,0,2025-05-10 18:54:24
77622,Sean Gray,Operations,medium,181000,0,0.84,0.88,2,121,9,2016-10-20,,1,0,2025-05-10 18:54:24
78110,Sarah Parker,Engineering,low,548000,1,0.51,0.57,5,263,3,2016-04-13,2019-01-14,0,0,2025-05-10 18:54:24
78128,John Salas,Engineering,medium,587000,0,0.69,0.4,3,120,1,2024-07-10,,0,0,2025-05-10 18:54:24
78236,Alexis Cain,Legal,low,362000,0,0.99,0.77,6,216,4,2021-11-06,,0,0,2025-05-10 18:54:24
78397,Sarah Cisneros,Sales,low,424000,1,0.32,0.94,7,306,4,2012-05-18,2016-09-15,0,0,2025-05-10 18:54:24
78924,David Hayes,Sales,high,474000,0,0.77,0.97,3,138,3,2022-02-02,,0,0,2025-05-10 18:54:24
78992,Angela Cochran,Sales,low,398000,0,0.78,0.52,3,142,0,2025-01-11,,1,0,2025-05-10 18:54:24
79104,Aaron Bullock,Operations,low,312000,0,0.74,0.92,3,142,6,2019-01-31,,0,0,2025-05-10 18:54:24
79172,Stephen Adams,Sales,low,281000,0,0.6,0.8,3,145,4,2021-06-09,,0,0,2025-05-10 18:54:24
79193,Leonard Brown,Operations,medium,233000,0,0.39,0.98,4,142,1,2024-05-07,,0,0,2025-05-10 18:54:24
79504,Rachael Mendoza,Sales,low,352000,0,0.69,0.52,3,134,7,2018-05-21,,0,0,2025-05-10 18:54:24
79907,Terry Bentley,Engineering,high,397000,0,0.92,0.44,2,149,3,2022-06-24,,0,0,2025-05-10 18:54:24
80131,Kyle Hood,Sales,high,222000,0,0.41,0.85,4,143,1,2023-11-27,,0,0,2025-05-10 18:54:24
80276,Mary Vega,Marketing,low,359000,1,0.53,0.57,4,293,6,2012-06-19,2018-03-09,0,0,2025-05-10 18:54:24
80457,Amber Thomas,Sales,medium,465000,0,0.88,0.81,7,156,3,2021-11-25,,0,0,2025-05-10 18:54:24
80507,Christine Barnes,HR,low,130000,0,0.85,0.97,2,142,3,2022-09-01,,0,0,2025-05-10 18:54:24
80516,Anthony Yoder,Engineering,low,361000,0,0.69,0.47,3,287,3,2022-04-13,,1,0,2025-05-10 18:54:24
80818,Sophia Wallace,Sales,medium,327000,0,0.08,0.51,7,171,10,2015-01-04,,0,0,2025-05-10 18:54:24
80840,Ashley Evans,HR,medium,369000,0,0.57,0.47,4,124,2,2023-01-06,,0,0,2025-05-10 18:54:24
81173,Susan Norris,Legal,high,430000,0,0.68,0.59,4,137,3,2022-08-09,,0,0,2025-05-10 18:54:24
81676,Angela Nelson,Sales,low,471000,0,0.95,0.32,7,183,2,2023-05-26,,0,0,2025-05-10 18:54:24
82070,John Harrison,Operations,low,325000,0,0.72,0.89,2,135,3,2022-03-25,,1,0,2025-05-10 18:54:24
82183,Christian Cowan,Marketing,low,429000,0,0.58,0.66,7,293,1,2024-07-12,,1,0,2025-05-10 18:54:24
82351,Robert Miller,Sales,medium,294000,0,0.61,0.36,4,186,1,2024-01-30,,0,1,2025-05-10 18:54:24
82416,Beth Wall,HR,high,343000,1,0.39,0.44,5,141,9,2006-12-09,2015-09-15,0,0,2025-05-10 18:54:24
82678,James Ward,Engineering,low,543000,0,0.84,0.97,3,134,8,2016-12-26,,0,0,2025-05-10 18:54:24
82959,Michael Espinoza,Sales,low,372000,1,0.4,0.98,3,265,3,2011-08-26,2014-03-19,0,0,2025-05-10 18:54:24
83240,Angela Cruz,Marketing,low,267000,0,0.71,0.53,2,140,4,2021-01-18,,0,0,2025-05-10 18:54:24
83397,Victoria Miller,Marketing,low,423000,0,0.68,0.5,4,121,1,2023-12-05,,0,0,2025-05-10 18:54:24
83719,Selena Wilson,Operations,low,164000,1,0.45,0.46,6,126,2,2014-12-01,2017-01-20,0,0,2025-05-10 18:54:24
84130,Corey Mccullough,Operations,low,268000,0,0.75,0.81,4,128,3,2022-02-10,,1,0,2025-05-10 18:54:24
84136,Brian Figueroa,Sales,low,448000,0,0.89,0.45,3,122,2,2023-01-19,,0,0,2025-05-10 18:54:24
84227,Lisa Rush,HR,medium,184000,0,0.5,0.81,3,141,0,2025-07-08,,0,0,2025-05-10 18:54:24
84320,Christopher Riddle,Marketing,low,174000,0,0.94,0.52,4,122,10,2015-04-21,,0,0,2025-05-10 18:54:24
84507,Alison Welch PhD,Marketing,medium,407000,0,0.68,0.53,7,172,0,2025-10-01,,0,0,2025-05-10 18:54:24
84748,Melissa Welch,Operations,low,186000,0,0.38,0.54,6,223,3,2022-04-18,,0,0,2025-05-10 18:54:24
84886,Michael Washington,Engineering,low,180000,0,0.87,0.85,3,125,1,2023-12-02,,0,0,2025-05-10 18:54:24
85012,Dr. Rebecca Burns,Engineering,low,448000,0,0.34,0.47,4,180,6,2019-04-30,,0,0,2025-05-10 18:54:24
85080,Monica Moore,Marketing,low,345000,0,0.68,0.83,4,143,4,2021-05-15,,1,0,2025-05-10 18:54:24
85259,Edward Shaw,Engineering,low,508000,0,0.86,0.59,2,125,2,2022-12-05,,0,0,2025-05-10 18:54:24
85607,Isaac Atkins,Engineering,medium,576000,0,0.9,0.93,3,120,6,2019-07-28,,0,0,2025-05-10 18:54:24
85696,Dillon Sparks,Marketing,medium,170000,1,0.35,0.67,2,289,4,2016-05-29,2020-04-15,0,0,2025-05-10 18:54:24
85939,Roy Hill,Marketing,low,389000,0,0.28,0.96,2,275,10,2015-10-31,,0,0,2025-05-10 18:54:24
86180,Kristen Osborne,Engineering,low,533000,0,0.21,0.87,2,266,8,2017-02-16,,0,0,2025-05-10 18:54:24
86181,Sandra Ward,Marketing,medium,267000,0,0.37,0.69,7,219,6,2019-03-21,,1,0,2025-05-10 18:54:24
86477,Cory Glass,Engineering,low,544000,0,0.84,0.81,4,128,9,2016-02-09,,0,0,2025-05-10 18:54:24
86649,Christine Collins,Marketing,medium,241000,0,0.61,0.5,3,148,1,2024-04-30,,1,0,2025-05-10 18:54:24
86717,Heather Payne,Engineering,medium,402000,0,0.39,0.93,3,149,2,2023-05-14,,0,0,2025-05-10 18:54:24
86813,Allison Knight,Sales,low,334000,1,0.51,0.08,4,223,9,2007-07-30,2016-06-22,0,0,2025-05-10 18:54:24
86909,Michael Garrett,Marketing,medium,296000,0,0.97,0.21,7,274,5,2020-01-12,,0,0,2025-05-10 18:54:24
87163,Jordan Jackson,Sales,low,235000,1,0.29,0.44,4,140,10,2005-05-10,2014-11-18,0,0,2025-05-10 18:54:24
87374,Thomas Oliver,Sales,medium,401000,1,0.25,0.47,6,140,7,2007-10-09,2015-02-11,0,0,2025-05-10 18:54:24
87474,Faith Peterson,Marketing,low,347000,1,0.24,0.42,5,277,1,2024-03-17,2025-01-11,0,0,2025-05-10 18:54:24
87511,Timothy Duncan,Marketing,low,429000,0,0.74,0.5,4,127,5,2020-02-25,,0,0,2025-05-10 18:54:24
87673,Allison Garcia,Operations,medium,93000,0,0.64,0.93,4,128,5,2020-10-24,,0,0,2025-05-10 18:54:24
87752,Trevor Gregory,Sales,low,412000,0,0.51,0.59,4,249,3,2022-01-28,,0,0,2025-05-10 18:54:24
87951,Kevin Schmidt,Marketing,low,393000,1,0.13,0.59,5,143,1,2020-09-03,2021-03-11,0,0,2025-05-10 18:54:24
88062,Michael Smith,Engineering,medium,576000,0,0.79,0.6,2,137,5,2020-09-10,,0,0,2025-05-10 18:54:24
88153,Autumn Underwood,Marketing,low,121000,0,0.84,0.46,4,146,4,2020-12-17,,0,0,2025-05-10 18:54:24
88410,Stephen Phillips,Operations,low,101000,1,0.26,0.91,6,295,3,2014-11-22,2017-06-11,0,0,2025-05-10 18:54:24
88416,Christopher Munoz,Legal,medium,183000,1,0.33,0.43,6,286,7,2008-04-13,2015-07-09,0,0,2025-05-10 18:54:24
88538,Miguel Alexander,Sales,medium,373000,0,0.07,0.84,6,146,3,2022-04-22,,0,0,2025-05-10 18:54:24
88684,Jenna Rivera,Engineering,high,378000,0,0.85,0.57,2,125,5,2020-07-09,,0,0,2025-05-10 18:54:24
88782,Douglas Ray,Sales,medium,192000,0,0.33,0.3,6,186,4,2021-08-03,,1,0,2025-05-10 18:54:24
88806,Jennifer Keith,HR,medium,187000,0,0.93,0.52,3,137,3,2022-03-25,,1,1,2025-05-10 18:54:24
88841,James Howard,Marketing,low,151000,0,0.59,0.32,3,274,3,2022-09-25,,0,0,2025-05-10 18:54:24
88900,Aaron Wilson,Sales,low,272000,0,0.46,0.82,3,141,1,2024-06-03,,1,0,2025-05-10 18:54:24
89039,Jessica Simmons,Engineering,low,399000,0,0.66,0.43,3,140,1,2024-09-24,,0,0,2025-05-10 18:54:24
89259,Kelly Gonzalez,Sales,low,485000,1,0.2,0.52,6,299,4,2017-05-10,2021-09-17,0,0,2025-05-10 18:54:24
89501,Taylor Eaton,Sales,medium,395000,0,0.8,0.47,3,135,0,2025-01-28,,1,0,2025-05-10 18:54:24
89696,Jennifer Torres,Engineering,low,194000,0,0.75,0.47,3,126,3,2022-05-10,,0,0,2025-05-10 18:54:24
89777,Peter Wilson,Engineering,low,426000,0,0.62,0.97,4,141,2,2023-03-09,,0,0,2025-05-10 18:54:24
90065,Alicia Sandoval,Operations,medium,301000,1,0.23,0.93,6,266,9,2007-04-30,2016-03-08,0,0,2025-05-10 18:54:24
90166,Kelly Hill,Legal,low,343000,0,0.77,0.4,6,214,4,2021-02-04,,1,0,2025-05-10 18:54:24
90192,Rachel Bartlett,Engineering,medium,328000,0,0.98,0.59,4,190,2,2023-09-14,,0,0,2025-05-10 18:54:24
90353,Antonio Reyes,Legal,medium,166000,0,0.23,0.94,6,237,5,2020-07-25,,1,0,2025-05-10 18:54:24
90399,William Benson,Sales,medium,168000,1,0.54,0.41,7,265,1,2016-10-01,2017-04-29,0,0,2025-05-10 18:54:24
90593,Matthew Myers,Sales,medium,329000,1,0.49,0.53,5,265,10,2005-11-23,2015-10-30,0,0,2025-05-10 18:54:24
90733,Dr. Janice Hamilton,Engineering,medium,212000,0,0.85,0.99,2,129,0,2025-07-26,,1,0,2025-05-10 18:54:24
91027,Don Castillo,Sales,medium,463000,0,0.85,0.91,4,296,2,2023-07-13,,1,0,2025-05-10 18:54:24
91111,Edward Stone,Engineering,low,286000,0,0.89,0.99,2,134,2,2022-12-15,,1,0,2025-05-10 18:54:24
91198,Ms. Michele Richmond,Marketing,high,398000,0,0.7,0.46,4,227,1,2024-04-21,,0,0,2025-05-10 18:54:24
91422,Kevin Palmer,Legal,low,340000,1,0.57,0.93,7,304,6,2010-04-07,2016-02-04,0,0,2025-05-10 18:54:24
91573,Anthony Suarez,Engineering,high,574000,1,0.6,0.59,3,294,7,2010-05-14,2017-01-12,0,0,2025-05-10 18:54:24
92303,Christopher Scott,Operations,low,338000,1,0.23,0.5,5,287,8,2008-06-11,2016-10-06,0,0,2025-05-10 18:54:24
92384,Danielle Alexander,Marketing,low,287000,1,0.13,0.53,5,144,4,2015-01-19,2018-12-11,0,0,2025-05-10 18:54:24
92506,Lisa Weaver,Operations,low,131000,0,0.64,0.89,4,149,2,2023-03-19,,1,0,2025-05-10 18:54:24
92917,Cindy Choi,Marketing,low,153000,0,0.8,0.47,3,147,5,2020-08-12,,0,0,2025-05-10 18:54:24
92924,Nicholas Rodgers,Sales,medium,413000,0,0.25,0.85,6,256,0,2025-04-09,,1,0,2025-05-10 18:54:24
92988,Jennifer Robertson,Marketing,low,405000,0,0.34,0.86,4,147,4,2020-12-06,,0,0,2025-05-10 18:54:24
93214,Ms. Kristina Watson MD,Marketing,high,362000,1,0.05,0.33,2,211,2,2014-06-03,2016-02-22,0,0,2025-05-10 18:54:24
93349,Joseph Dean,Sales,low,340000,1,0.37,0.91,7,302,2,2014-03-29,2015-12-01,0,0,2025-05-10 18:54:24
93493,Rose Phillips,Marketing,medium,304000,1,0.2,0.8,4,284,6,2013-11-14,2020-02-01,0,0,2025-05-10 18:54:24
93778,Danielle Watson,Sales,low,311000,0,0.7,0.88,4,130,1,2024-05-28,,0,0,2025-05-10 18:54:24
93901,James Rice,Sales,low,257000,0,0.34,0.47,3,121,3,2022-09-15,,0,0,2025-05-10 18:54:24
94447,Rachel Stanley,Sales,low,202000,0,0.82,0.55,5,165,1,2024-04-25,,0,0,2025-05-10 18:54:24
94850,Melissa Gonzales,Engineering,low,479000,1,0.25,0.56,3,281,2,2021-12-18,2023-12-02,0,0,2025-05-10 18:54:24
94872,Robin Alexander,Sales,medium,416000,0,0.46,0.53,4,145,2,2023-05-30,,0,0,2025-05-10 18:54:24
95058,Aaron Moore,Engineering,low,212000,0,0.13,0.6,4,257,1,2024-02-12,,0,0,2025-05-10 18:54:24
95098,Jordan Ward,Engineering,high,506000,0,0.81,0.47,2,123,2,2023-07-28,,0,0,2025-05-10 18:54:24
95163,Amanda Hoffman,Engineering,low,356000,0,0.04,0.84,7,232,4,2021-08-08,,0,0,2025-05-10 18:54:24
95297,Jason Hutchinson,Marketing,high,422000,0,0.94,0.29,2,238,2,2023-04-02,,0,0,2025-05-10 18:54:24
95329,Mary Marshall,Sales,medium,478000,0,0.9,0.9,2,150,8,2016-12-01,,1,1,2025-05-10 18:54:24
95339,Matthew Merritt,Sales,high,427000,0,0.22,0.83,6,277,3,2021-12-12,,1,0,2025-05-10 18:54:24
95466,Allison Wilson,Sales,high,351000,0,0.91,0.12,3,158,4,2021-11-06,,0,0,2025-05-10 18:54:24
95646,Lucas Roberson,Marketing,medium,370000,1,0.72,0.32,2,305,3,2018-10-31,2021-07-28,0,0,2025-05-10 18:54:24
95811,Taylor Guerra,Sales,low,219000,0,0.79,0.95,3,145,2,2022-12-15,,0,0,2025-05-10 18:54:24
96448,Melissa Carr,Engineering,low,195000,0,0.18,0.71,5,230,1,2024-03-09,,0,0,2025-05-10 18:54:24
96491,Jane Kemp,Marketing,low,387000,0,0.64,0.54,4,124,4,2021-01-15,,0,0,2025-05-10 18:54:24
96561,Andrea Barnes,Operations,low,114000,1,0.75,0.51,3,270,5,2011-11-01,2017-04-26,0,0,2025-05-10 18:54:24
96568,Ashley Li,Sales,low,478000,0,0.64,0.47,2,142,1,2024-02-16,,0,0,2025-05-10 18:54:24
96647,Paul Myers,Marketing,low,191000,0,0.42,0.41,3,123,1,2024-09-18,,0,0,2025-05-10 18:54:24
96673,Nicholas Chapman,Marketing,high,339000,0,0.2,0.13,6,286,2,2022-12-10,,0,0,2025-05-10 18:54:24
96748,Stacy Castillo,Operations,low,168000,0,0.84,0.83,3,141,1,2024-01-04,,0,0,2025-05-10 18:54:24
96932,Kelly Craig,Marketing,low,229000,0,0.83,0.55,2,138,9,2016-09-17,,0,0,2025-05-10 18:54:24
97345,Kelly Sharp,Operations,low,276000,0,0.01,0.91,3,301,4,2021-01-06,,0,0,2025-05-10 18:54:24
97434,Alex Mcbride,Sales,low,232000,0,0.72,0.85,3,134,0,2025-08-19,,1,0,2025-05-10 18:54:24
97530,Matthew Preston,HR,medium,322000,0,0.92,0.5,4,128,1,2023-12-27,,0,0,2025-05-10 18:54:24
97542,Carrie Warner,Sales,low,173000,0,0.7,0.55,4,129,3,2022-10-27,,0,0,2025-05-10 18:54:24
97605,Jonathan Harris,HR,medium,345000,1,0.24,0.94,6,295,7,2008-03-27,2014-10-03,0,0,2025-05-10 18:54:24
98080,Amber Atkins,Legal,medium,291000,0,0.8,0.21,3,216,2,2023-07-07,,0,0,2025-05-10 18:54:24
98154,Heather Sutton,Sales,medium,193000,1,0.22,0.41,2,146,1,2021-06-23,2022-05-21,1,0,2025-05-10 18:54:24
98196,Tamara Carroll,Sales,high,264000,0,0.05,0.31,4,308,2,2023-10-23,,0,0,2025-05-10 18:54:24
98248,Mrs. Danielle King,Marketing,medium,422000,0,0.64,0.98,2,133,2,2023-10-16,,1,0,2025-05-10 18:54:24
98310,Holly Taylor,Engineering,high,300000,0,0.44,0.52,3,288,4,2021-06-19,,0,0,2025-05-10 18:54:24
98647,Karen Velez,Operations,medium,240000,0,0.29,0.39,6,281,8,2017-02-26,,0,0,2025-05-10 18:54:24
98912,Casey Lowe,Sales,high,498000,0,0.53,0.83,2,132,2,2023-04-30,,0,0,2025-05-10 18:54:24
99038,Anna Frank,Sales,low,334000,1,0.47,0.59,6,146,6,2012-05-16,2018-10-14,1,0,2025-05-10 18:54:24
99059,Sydney Davis,Marketing,medium,128000,0,0.47,0.83,2,124,2,2023-05-28,,0,0,2025-05-10 18:54:24
99235,Jill Mcguire,Engineering,low,550000,0,0.6,0.99,2,126,4,2021-05-22,,0,0,2025-05-10 18:54:24
99419,Mr. James Gould MD,Marketing,medium,284000,0,0.81,0.58,4,136,1,2024-07-16,,0,0,2025-05-10 18:54:24
99548,Taylor Smith,Marketing,low,209000,0,0.31,0.42,2,136,2,2023-06-10,,0,0,2025-05-10 18:54:24
99771,Kevin Greene,Sales,low,256000,0,0.58,0.9,2,120,9,2016-11-02,,0,0,2025-05-10 18:54:24
99994,Deborah Parrish,Marketing,low,144000,0,0.61,0.53,3,120,2,2023-09-05,,0,0,2025-05-10 18:54:24
